-- phpMyAdmin SQL Dump
-- version 5.2.1
-- https://www.phpmyadmin.net/
--
-- Host: 127.0.0.1
-- Generation Time: May 13, 2024 at 12:39 PM
-- Server version: 10.4.32-MariaDB
-- PHP Version: 8.2.12

SET SQL_MODE = "NO_AUTO_VALUE_ON_ZERO";
START TRANSACTION;
SET time_zone = "+00:00";


/*!40101 SET @OLD_CHARACTER_SET_CLIENT=@@CHARACTER_SET_CLIENT */;
/*!40101 SET @OLD_CHARACTER_SET_RESULTS=@@CHARACTER_SET_RESULTS */;
/*!40101 SET @OLD_COLLATION_CONNECTION=@@COLLATION_CONNECTION */;
/*!40101 SET NAMES utf8mb4 */;

--
-- Database: `ticket_box`
--

-- --------------------------------------------------------

--
-- Table structure for table `banners`
--

CREATE TABLE `banners` (
  `banner_id` int(11) NOT NULL,
  `title` varchar(250) NOT NULL,
  `img` varchar(250) NOT NULL,
  `action` varchar(300) NOT NULL,
  `updated_at` datetime NOT NULL DEFAULT current_timestamp(),
  `created_at` datetime NOT NULL DEFAULT current_timestamp()
) ENGINE=InnoDB DEFAULT CHARSET=utf8mb4 COLLATE=utf8mb4_general_ci;

--
-- Dumping data for table `banners`
--

INSERT INTO `banners` (`banner_id`, `title`, `img`, `action`, `updated_at`, `created_at`) VALUES
(1, 'Oppenheimer', 'https://images6.alphacoders.com/133/thumb-1920-1335807.jpeg', 'oppenheimer', '2024-05-07 21:11:00', '2024-05-07 21:11:00'),
(2, 'WW 1984', 'https://images3.alphacoders.com/133/thumb-1920-1334627.jpg', 'wonder-woman-1984', '2024-05-07 21:12:07', '2024-05-07 21:12:07'),
(3, 'Star Wars', 'https://images4.alphacoders.com/653/thumb-1920-653613.jpg', 'star-wars', '2024-05-07 21:12:26', '2024-05-07 21:12:26'),
(4, 'Deadpool 3', 'https://images.hdqwalls.com/wallpapers/bthumb/deadpool-and-wolverine-face-off-sk.jpg', 'deadpool-3', '2024-05-07 21:13:15', '2024-05-07 21:13:15');

-- --------------------------------------------------------

--
-- Table structure for table `cache`
--

CREATE TABLE `cache` (
  `key` varchar(255) NOT NULL,
  `value` mediumtext NOT NULL,
  `expiration` int(11) NOT NULL
) ENGINE=InnoDB DEFAULT CHARSET=utf8mb4 COLLATE=utf8mb4_unicode_ci;

--
-- Dumping data for table `cache`
--

INSERT INTO `cache` (`key`, `value`, `expiration`) VALUES
('rahul@gmail.com|127.0.0.1', 'i:4;', 1715504871),
('rahul@gmail.com|127.0.0.1:timer', 'i:1715504871;', 1715504871);

-- --------------------------------------------------------

--
-- Table structure for table `cache_locks`
--

CREATE TABLE `cache_locks` (
  `key` varchar(255) NOT NULL,
  `owner` varchar(255) NOT NULL,
  `expiration` int(11) NOT NULL
) ENGINE=InnoDB DEFAULT CHARSET=utf8mb4 COLLATE=utf8mb4_unicode_ci;

-- --------------------------------------------------------

--
-- Table structure for table `failed_jobs`
--

CREATE TABLE `failed_jobs` (
  `id` bigint(20) UNSIGNED NOT NULL,
  `uuid` varchar(255) NOT NULL,
  `connection` text NOT NULL,
  `queue` text NOT NULL,
  `payload` longtext NOT NULL,
  `exception` longtext NOT NULL,
  `failed_at` timestamp NOT NULL DEFAULT current_timestamp()
) ENGINE=InnoDB DEFAULT CHARSET=utf8mb4 COLLATE=utf8mb4_unicode_ci;

-- --------------------------------------------------------

--
-- Table structure for table `jobs`
--

CREATE TABLE `jobs` (
  `id` bigint(20) UNSIGNED NOT NULL,
  `queue` varchar(255) NOT NULL,
  `payload` longtext NOT NULL,
  `attempts` tinyint(3) UNSIGNED NOT NULL,
  `reserved_at` int(10) UNSIGNED DEFAULT NULL,
  `available_at` int(10) UNSIGNED NOT NULL,
  `created_at` int(10) UNSIGNED NOT NULL
) ENGINE=InnoDB DEFAULT CHARSET=utf8mb4 COLLATE=utf8mb4_unicode_ci;

-- --------------------------------------------------------

--
-- Table structure for table `job_batches`
--

CREATE TABLE `job_batches` (
  `id` varchar(255) NOT NULL,
  `name` varchar(255) NOT NULL,
  `total_jobs` int(11) NOT NULL,
  `pending_jobs` int(11) NOT NULL,
  `failed_jobs` int(11) NOT NULL,
  `failed_job_ids` longtext NOT NULL,
  `options` mediumtext DEFAULT NULL,
  `cancelled_at` int(11) DEFAULT NULL,
  `created_at` int(11) NOT NULL,
  `finished_at` int(11) DEFAULT NULL
) ENGINE=InnoDB DEFAULT CHARSET=utf8mb4 COLLATE=utf8mb4_unicode_ci;

-- --------------------------------------------------------

--
-- Table structure for table `migrations`
--

CREATE TABLE `migrations` (
  `id` int(10) UNSIGNED NOT NULL,
  `migration` varchar(255) NOT NULL,
  `batch` int(11) NOT NULL
) ENGINE=InnoDB DEFAULT CHARSET=utf8mb4 COLLATE=utf8mb4_unicode_ci;

--
-- Dumping data for table `migrations`
--

INSERT INTO `migrations` (`id`, `migration`, `batch`) VALUES
(1, '0001_01_01_000000_create_users_table', 1),
(2, '0001_01_01_000001_create_cache_table', 1),
(3, '0001_01_01_000002_create_jobs_table', 1);

-- --------------------------------------------------------

--
-- Table structure for table `movies`
--

CREATE TABLE `movies` (
  `movie_id` int(11) NOT NULL,
  `title` varchar(400) NOT NULL,
  `poster` varchar(250) NOT NULL,
  `about` varchar(300) NOT NULL,
  `slug` varchar(250) NOT NULL,
  `rating` varchar(10) NOT NULL,
  `genres` varchar(300) NOT NULL,
  `trailer` text NOT NULL,
  `status` varchar(4) NOT NULL,
  `updated_at` datetime NOT NULL DEFAULT current_timestamp(),
  `created_at` datetime NOT NULL DEFAULT current_timestamp()
) ENGINE=InnoDB DEFAULT CHARSET=utf8mb4 COLLATE=utf8mb4_general_ci;

--
-- Dumping data for table `movies`
--

INSERT INTO `movies` (`movie_id`, `title`, `poster`, `about`, `slug`, `rating`, `genres`, `trailer`, `status`, `updated_at`, `created_at`) VALUES
(1, 'Star Wars: The Rise of Skywalker', 'https://upload.wikimedia.org/wikipedia/en/a/af/Star_Wars_The_Rise_of_Skywalker_poster.jpg', 'The surviving Resistance faces the First Order once again in the conclusion of the Skywalker saga.\n', 'star-wars', '6.4', 'Action, Adventure, Fantasy, Sexy', '<iframe width=\"560\" height=\"315\" src=\"https://www.youtube.com/embed/8Qn_spdM5Zg?si=Zt9JzEH1_cUegOfD&amp;controls=0\" title=\"YouTube video player\" frameborder=\"0\" allow=\"accelerometer; autoplay; clipboard-write; encrypted-media; gyroscope; picture-in-picture; web-share\" referrerpolicy=\"strict-origin-when-cross-origin\" allowfullscreen></iframe>', 'on', '2024-05-07 22:01:03', '2024-05-07 22:01:03'),
(2, 'Wonder Woman 1984', 'https://m.media-amazon.com/images/M/MV5BMjg0OTkyZjItNTY5YS00YzhmLTg1YTMtNGVlOWVhZTc2NTI5XkEyXkFqcGdeQXVyMTI0NTE1Njg4._V1_FMjpg_UX750_.jpg', 'Diana must contend with a work colleague, and with a businessman whose desire for extreme wealth sends the world down a path of destruction, after an ancient artifact that grants wishes goes missing.\r\n', 'wonder-woman-1984', '5.4', 'Action, Adventure, Fantasy', '<iframe width=\"560\" height=\"315\" src=\"https://www.youtube.com/embed/sfM7_JLk-84?si=odcaZREZ4VKCjWVp&amp;controls=0\" title=\"YouTube video player\" frameborder=\"0\" allow=\"accelerometer; autoplay; clipboard-write; encrypted-media; gyroscope; picture-in-picture; web-share\" referrerpolicy=\"strict-origin-when-cross-origin\" allowfullscreen></iframe>', 'on', '2024-05-07 22:01:45', '2024-05-07 22:01:45'),
(3, 'Oppenheimer', 'https://m.media-amazon.com/images/M/MV5BMDBmYTZjNjUtN2M1MS00MTQ2LTk2ODgtNzc2M2QyZGE5NTVjXkEyXkFqcGdeQXVyNzAwMjU2MTY@._V1_FMjpg_UY3454_.jpg', 'The story of American scientist J. Robert Oppenheimer and his role in the development of the atomic bomb.\r\n', 'oppenheimer', '8.3', 'Biography, Drama, History', '<iframe width=\"560\" height=\"315\" src=\"https://www.youtube.com/embed/SdHe-JseJfQ?si=_T1ATRies7GEuhte&amp;controls=0\" title=\"YouTube video player\" frameborder=\"0\" allow=\"accelerometer; autoplay; clipboard-write; encrypted-media; gyroscope; picture-in-picture; web-share\" referrerpolicy=\"strict-origin-when-cross-origin\" allowfullscreen></iframe>', 'on', '2024-05-07 22:17:24', '2024-05-07 22:17:24'),
(4, 'Deadpool & Wolverin', 'https://m.media-amazon.com/images/M/MV5BOWI2YjAxODctOTAzYi00ZmQ5LWE0ZmEtOGMxMTUzYmVjYzY2XkEyXkFqcGdeQXVyMjQwMDg0Ng@@._V1_FMjpg_UY3037_.jpg', 'Wolverine is recovering from his injuries when he crosses paths with the loudmouth, Deadpool. They team up to defeat a common enemy.\r\n', 'deadpool-3', '9', 'Adult, Action, Comedy, Si-fi', '<iframe width=\"560\" height=\"315\" src=\"https://www.youtube.com/embed/73_1biulkYk?si=RJYq2SftM5X4YtxB&amp;controls=0\" title=\"YouTube video player\" frameborder=\"0\" allow=\"accelerometer; autoplay; clipboard-write; encrypted-media; gyroscope; picture-in-picture; web-share\" referrerpolicy=\"strict-origin-when-cross-origin\" allowfullscreen></iframe>', 'on', '2024-05-07 22:19:34', '2024-05-07 22:19:34');

-- --------------------------------------------------------

--
-- Table structure for table `password_reset_tokens`
--

CREATE TABLE `password_reset_tokens` (
  `email` varchar(255) NOT NULL,
  `token` varchar(255) NOT NULL,
  `created_at` timestamp NULL DEFAULT NULL
) ENGINE=InnoDB DEFAULT CHARSET=utf8mb4 COLLATE=utf8mb4_unicode_ci;

-- --------------------------------------------------------

--
-- Table structure for table `screenings`
--

CREATE TABLE `screenings` (
  `screening_id` int(11) NOT NULL,
  `movie_id` int(11) NOT NULL,
  `start_time` varchar(250) NOT NULL,
  `end_time` varchar(250) NOT NULL,
  `date` varchar(250) NOT NULL,
  `status` varchar(40) NOT NULL,
  `updated_at` datetime NOT NULL DEFAULT current_timestamp(),
  `created_at` datetime NOT NULL DEFAULT current_timestamp()
) ENGINE=InnoDB DEFAULT CHARSET=utf8mb4 COLLATE=utf8mb4_general_ci;

--
-- Dumping data for table `screenings`
--

INSERT INTO `screenings` (`screening_id`, `movie_id`, `start_time`, `end_time`, `date`, `status`, `updated_at`, `created_at`) VALUES
(1, 3, '12PM', '3PM', '10-04-2024', 'on', '2024-05-08 09:20:59', '2024-05-08 09:20:59'),
(2, 3, '9AM', '12PM', '10-04-2024', 'on', '2024-05-08 09:22:55', '2024-05-08 09:22:55'),
(3, 4, '9AM', '12PM', '10-07-2024', 'on', '2024-05-08 09:52:25', '2024-05-08 09:52:25'),
(4, 2, '9AM', '12PM', '10-07-2024', 'on', '2024-05-08 09:52:44', '2024-05-08 09:52:44'),
(5, 1, '9AM', '12PM', '10-07-2024', 'on', '2024-05-08 09:53:01', '2024-05-08 09:53:01'),
(6, 4, '12PM', '3PM', '10-07-2024', 'on', '2024-05-08 09:54:02', '2024-05-08 09:54:02'),
(7, 4, '3PM', '6PM', '10-07-2024', 'on', '2024-05-08 09:54:26', '2024-05-08 09:54:26'),
(8, 4, '9PM', '12PM', '10-07-2024', 'on', '2024-05-08 09:54:43', '2024-05-08 09:54:43');

-- --------------------------------------------------------

--
-- Table structure for table `seats`
--

CREATE TABLE `seats` (
  `seat_id` bigint(20) NOT NULL,
  `screening_id` int(11) NOT NULL,
  `seat_number` int(11) NOT NULL,
  `IsBook` tinyint(1) NOT NULL DEFAULT 0,
  `user_id` int(11) NOT NULL DEFAULT 0,
  `updated_at` datetime NOT NULL DEFAULT current_timestamp(),
  `created_at` datetime DEFAULT NULL
) ENGINE=InnoDB DEFAULT CHARSET=utf8mb4 COLLATE=utf8mb4_general_ci;

--
-- Dumping data for table `seats`
--

INSERT INTO `seats` (`seat_id`, `screening_id`, `seat_number`, `IsBook`, `user_id`, `updated_at`, `created_at`) VALUES
(1, 1, 1, 0, 0, '2024-05-08 09:20:59', '2024-05-08 09:20:59'),
(2, 1, 2, 0, 0, '2024-05-08 09:20:59', '2024-05-08 09:20:59'),
(3, 1, 3, 0, 0, '2024-05-08 09:20:59', '2024-05-08 09:20:59'),
(4, 1, 4, 0, 0, '2024-05-08 09:20:59', '2024-05-08 09:20:59'),
(5, 1, 5, 0, 0, '2024-05-08 09:20:59', '2024-05-08 09:20:59'),
(6, 1, 6, 0, 0, '2024-05-08 09:20:59', '2024-05-08 09:20:59'),
(7, 1, 7, 0, 0, '2024-05-08 09:20:59', '2024-05-08 09:20:59'),
(8, 1, 8, 0, 0, '2024-05-08 09:20:59', '2024-05-08 09:20:59'),
(9, 1, 9, 0, 0, '2024-05-08 09:20:59', '2024-05-08 09:20:59'),
(10, 1, 10, 0, 0, '2024-05-08 09:20:59', '2024-05-08 09:20:59'),
(11, 1, 11, 0, 0, '2024-05-08 09:20:59', '2024-05-08 09:20:59'),
(12, 1, 12, 0, 0, '2024-05-08 09:20:59', '2024-05-08 09:20:59'),
(13, 1, 13, 0, 0, '2024-05-08 09:20:59', '2024-05-08 09:20:59'),
(14, 1, 14, 0, 0, '2024-05-08 09:20:59', '2024-05-08 09:20:59'),
(15, 1, 15, 0, 0, '2024-05-08 09:20:59', '2024-05-08 09:20:59'),
(16, 1, 16, 0, 0, '2024-05-08 09:20:59', '2024-05-08 09:20:59'),
(17, 1, 17, 0, 0, '2024-05-08 09:20:59', '2024-05-08 09:20:59'),
(18, 1, 18, 0, 0, '2024-05-08 09:20:59', '2024-05-08 09:20:59'),
(19, 1, 19, 0, 0, '2024-05-08 09:20:59', '2024-05-08 09:20:59'),
(20, 1, 20, 0, 0, '2024-05-08 09:20:59', '2024-05-08 09:20:59'),
(21, 1, 21, 0, 0, '2024-05-08 09:20:59', '2024-05-08 09:20:59'),
(22, 1, 22, 0, 0, '2024-05-08 09:20:59', '2024-05-08 09:20:59'),
(23, 1, 23, 0, 0, '2024-05-08 09:20:59', '2024-05-08 09:20:59'),
(24, 1, 24, 0, 0, '2024-05-08 09:20:59', '2024-05-08 09:20:59'),
(25, 1, 25, 0, 0, '2024-05-08 09:20:59', '2024-05-08 09:20:59'),
(26, 1, 26, 0, 0, '2024-05-08 09:20:59', '2024-05-08 09:20:59'),
(27, 1, 27, 0, 0, '2024-05-08 09:20:59', '2024-05-08 09:20:59'),
(28, 1, 28, 0, 0, '2024-05-08 09:20:59', '2024-05-08 09:20:59'),
(29, 1, 29, 0, 0, '2024-05-08 09:20:59', '2024-05-08 09:20:59'),
(30, 1, 30, 0, 0, '2024-05-08 09:20:59', '2024-05-08 09:20:59'),
(31, 1, 31, 0, 0, '2024-05-08 09:20:59', '2024-05-08 09:20:59'),
(32, 1, 32, 0, 0, '2024-05-08 09:20:59', '2024-05-08 09:20:59'),
(33, 1, 33, 0, 0, '2024-05-08 09:20:59', '2024-05-08 09:20:59'),
(34, 1, 34, 0, 0, '2024-05-08 09:20:59', '2024-05-08 09:20:59'),
(35, 1, 35, 0, 0, '2024-05-08 09:20:59', '2024-05-08 09:20:59'),
(36, 1, 36, 0, 0, '2024-05-08 09:21:00', '2024-05-08 09:21:00'),
(37, 1, 37, 0, 0, '2024-05-08 09:21:00', '2024-05-08 09:21:00'),
(38, 1, 38, 0, 0, '2024-05-08 09:21:00', '2024-05-08 09:21:00'),
(39, 1, 39, 0, 0, '2024-05-08 09:21:00', '2024-05-08 09:21:00'),
(40, 1, 40, 0, 0, '2024-05-08 09:21:00', '2024-05-08 09:21:00'),
(41, 1, 41, 0, 0, '2024-05-08 09:21:00', '2024-05-08 09:21:00'),
(42, 1, 42, 0, 0, '2024-05-08 09:21:00', '2024-05-08 09:21:00'),
(43, 1, 43, 0, 0, '2024-05-08 09:21:00', '2024-05-08 09:21:00'),
(44, 1, 44, 0, 0, '2024-05-08 09:21:00', '2024-05-08 09:21:00'),
(45, 1, 45, 0, 0, '2024-05-08 09:21:00', '2024-05-08 09:21:00'),
(46, 1, 46, 0, 0, '2024-05-08 09:21:00', '2024-05-08 09:21:00'),
(47, 1, 47, 0, 0, '2024-05-08 09:21:00', '2024-05-08 09:21:00'),
(48, 1, 48, 0, 0, '2024-05-08 09:21:00', '2024-05-08 09:21:00'),
(49, 1, 49, 0, 0, '2024-05-08 09:21:00', '2024-05-08 09:21:00'),
(50, 1, 50, 0, 0, '2024-05-08 09:21:00', '2024-05-08 09:21:00'),
(51, 2, 1, 0, 0, '2024-05-08 09:22:55', '2024-05-08 09:22:55'),
(52, 2, 2, 0, 0, '2024-05-08 09:22:55', '2024-05-08 09:22:55'),
(53, 2, 3, 0, 0, '2024-05-08 09:22:55', '2024-05-08 09:22:55'),
(54, 2, 4, 0, 0, '2024-05-08 09:22:55', '2024-05-08 09:22:55'),
(55, 2, 5, 0, 0, '2024-05-08 09:22:55', '2024-05-08 09:22:55'),
(56, 2, 6, 0, 0, '2024-05-08 09:22:55', '2024-05-08 09:22:55'),
(57, 2, 7, 0, 0, '2024-05-08 09:22:55', '2024-05-08 09:22:55'),
(58, 2, 8, 0, 0, '2024-05-08 09:22:55', '2024-05-08 09:22:55'),
(59, 2, 9, 0, 0, '2024-05-08 09:22:55', '2024-05-08 09:22:55'),
(60, 2, 10, 0, 0, '2024-05-08 09:22:55', '2024-05-08 09:22:55'),
(61, 2, 11, 0, 0, '2024-05-08 09:22:55', '2024-05-08 09:22:55'),
(62, 2, 12, 0, 0, '2024-05-08 09:22:55', '2024-05-08 09:22:55'),
(63, 2, 13, 0, 0, '2024-05-08 09:22:55', '2024-05-08 09:22:55'),
(64, 2, 14, 0, 0, '2024-05-08 09:22:55', '2024-05-08 09:22:55'),
(65, 2, 15, 0, 0, '2024-05-08 09:22:55', '2024-05-08 09:22:55'),
(66, 2, 16, 0, 0, '2024-05-08 09:22:55', '2024-05-08 09:22:55'),
(67, 2, 17, 0, 0, '2024-05-08 09:22:56', '2024-05-08 09:22:56'),
(68, 2, 18, 0, 0, '2024-05-08 09:22:56', '2024-05-08 09:22:56'),
(69, 2, 19, 0, 0, '2024-05-08 09:22:56', '2024-05-08 09:22:56'),
(70, 2, 20, 0, 0, '2024-05-08 09:22:56', '2024-05-08 09:22:56'),
(71, 2, 21, 0, 0, '2024-05-08 09:22:56', '2024-05-08 09:22:56'),
(72, 2, 22, 0, 0, '2024-05-08 09:22:56', '2024-05-08 09:22:56'),
(73, 2, 23, 0, 0, '2024-05-08 09:22:56', '2024-05-08 09:22:56'),
(74, 2, 24, 0, 0, '2024-05-08 09:22:56', '2024-05-08 09:22:56'),
(75, 2, 25, 0, 0, '2024-05-08 09:22:56', '2024-05-08 09:22:56'),
(76, 2, 26, 0, 0, '2024-05-08 09:22:56', '2024-05-08 09:22:56'),
(77, 2, 27, 0, 0, '2024-05-08 09:22:56', '2024-05-08 09:22:56'),
(78, 2, 28, 0, 0, '2024-05-08 09:22:56', '2024-05-08 09:22:56'),
(79, 2, 29, 0, 0, '2024-05-08 09:22:56', '2024-05-08 09:22:56'),
(80, 2, 30, 0, 0, '2024-05-08 09:22:56', '2024-05-08 09:22:56'),
(81, 2, 31, 0, 0, '2024-05-08 09:22:56', '2024-05-08 09:22:56'),
(82, 2, 32, 0, 0, '2024-05-08 09:22:56', '2024-05-08 09:22:56'),
(83, 2, 33, 0, 0, '2024-05-08 09:22:56', '2024-05-08 09:22:56'),
(84, 2, 34, 0, 0, '2024-05-08 09:22:56', '2024-05-08 09:22:56'),
(85, 2, 35, 0, 0, '2024-05-08 09:22:56', '2024-05-08 09:22:56'),
(86, 2, 36, 0, 0, '2024-05-08 09:22:56', '2024-05-08 09:22:56'),
(87, 2, 37, 0, 0, '2024-05-08 09:22:56', '2024-05-08 09:22:56'),
(88, 2, 38, 0, 0, '2024-05-08 09:22:56', '2024-05-08 09:22:56'),
(89, 2, 39, 0, 0, '2024-05-08 09:22:56', '2024-05-08 09:22:56'),
(90, 2, 40, 0, 0, '2024-05-08 09:22:56', '2024-05-08 09:22:56'),
(91, 2, 41, 0, 0, '2024-05-08 09:22:56', '2024-05-08 09:22:56'),
(92, 2, 42, 0, 0, '2024-05-08 09:22:56', '2024-05-08 09:22:56'),
(93, 2, 43, 0, 0, '2024-05-08 09:22:56', '2024-05-08 09:22:56'),
(94, 2, 44, 0, 0, '2024-05-08 09:22:56', '2024-05-08 09:22:56'),
(95, 2, 45, 0, 0, '2024-05-08 09:22:56', '2024-05-08 09:22:56'),
(96, 2, 46, 0, 0, '2024-05-08 09:22:56', '2024-05-08 09:22:56'),
(97, 2, 47, 0, 0, '2024-05-08 09:22:56', '2024-05-08 09:22:56'),
(98, 2, 48, 0, 0, '2024-05-08 09:22:56', '2024-05-08 09:22:56'),
(99, 2, 49, 0, 0, '2024-05-08 09:22:56', '2024-05-08 09:22:56'),
(100, 2, 50, 0, 0, '2024-05-08 09:22:56', '2024-05-08 09:22:56'),
(101, 3, 1, 1, 1, '2024-05-12 11:48:05', '2024-05-08 09:52:25'),
(102, 3, 2, 0, 0, '2024-05-08 09:52:25', '2024-05-08 09:52:25'),
(103, 3, 3, 0, 0, '2024-05-08 09:52:25', '2024-05-08 09:52:25'),
(104, 3, 4, 0, 0, '2024-05-08 09:52:25', '2024-05-08 09:52:25'),
(105, 3, 5, 0, 0, '2024-05-08 09:52:25', '2024-05-08 09:52:25'),
(106, 3, 6, 0, 0, '2024-05-08 09:52:25', '2024-05-08 09:52:25'),
(107, 3, 7, 0, 0, '2024-05-08 09:52:25', '2024-05-08 09:52:25'),
(108, 3, 8, 0, 0, '2024-05-08 09:52:25', '2024-05-08 09:52:25'),
(109, 3, 9, 0, 0, '2024-05-08 09:52:25', '2024-05-08 09:52:25'),
(110, 3, 10, 0, 0, '2024-05-08 09:52:25', '2024-05-08 09:52:25'),
(111, 3, 11, 0, 0, '2024-05-08 09:52:25', '2024-05-08 09:52:25'),
(112, 3, 12, 0, 0, '2024-05-08 09:52:25', '2024-05-08 09:52:25'),
(113, 3, 13, 0, 0, '2024-05-08 09:52:25', '2024-05-08 09:52:25'),
(114, 3, 14, 0, 0, '2024-05-08 09:52:25', '2024-05-08 09:52:25'),
(115, 3, 15, 1, 1, '2024-05-12 11:49:45', '2024-05-08 09:52:25'),
(116, 3, 16, 1, 1, '2024-05-12 11:49:45', '2024-05-08 09:52:25'),
(117, 3, 17, 1, 1, '2024-05-12 11:49:45', '2024-05-08 09:52:25'),
(118, 3, 18, 1, 1, '2024-05-12 11:49:45', '2024-05-08 09:52:25'),
(119, 3, 19, 0, 0, '2024-05-08 09:52:25', '2024-05-08 09:52:25'),
(120, 3, 20, 0, 0, '2024-05-08 09:52:25', '2024-05-08 09:52:25'),
(121, 3, 21, 0, 0, '2024-05-08 09:52:25', '2024-05-08 09:52:25'),
(122, 3, 22, 0, 0, '2024-05-08 09:52:25', '2024-05-08 09:52:25'),
(123, 3, 23, 0, 0, '2024-05-08 09:52:25', '2024-05-08 09:52:25'),
(124, 3, 24, 0, 0, '2024-05-08 09:52:25', '2024-05-08 09:52:25'),
(125, 3, 25, 0, 0, '2024-05-08 09:52:25', '2024-05-08 09:52:25'),
(126, 3, 26, 0, 0, '2024-05-08 09:52:25', '2024-05-08 09:52:25'),
(127, 3, 27, 0, 0, '2024-05-08 09:52:25', '2024-05-08 09:52:25'),
(128, 3, 28, 0, 0, '2024-05-08 09:52:25', '2024-05-08 09:52:25'),
(129, 3, 29, 0, 0, '2024-05-08 09:52:25', '2024-05-08 09:52:25'),
(130, 3, 30, 0, 0, '2024-05-08 09:52:25', '2024-05-08 09:52:25'),
(131, 3, 31, 0, 0, '2024-05-08 09:52:25', '2024-05-08 09:52:25'),
(132, 3, 32, 0, 0, '2024-05-08 09:52:25', '2024-05-08 09:52:25'),
(133, 3, 33, 0, 0, '2024-05-08 09:52:25', '2024-05-08 09:52:25'),
(134, 3, 34, 0, 0, '2024-05-08 09:52:25', '2024-05-08 09:52:25'),
(135, 3, 35, 0, 0, '2024-05-08 09:52:25', '2024-05-08 09:52:25'),
(136, 3, 36, 0, 0, '2024-05-08 09:52:25', '2024-05-08 09:52:25'),
(137, 3, 37, 0, 0, '2024-05-08 09:52:25', '2024-05-08 09:52:25'),
(138, 3, 38, 0, 0, '2024-05-08 09:52:25', '2024-05-08 09:52:25'),
(139, 3, 39, 0, 0, '2024-05-08 09:52:25', '2024-05-08 09:52:25'),
(140, 3, 40, 0, 0, '2024-05-08 09:52:25', '2024-05-08 09:52:25'),
(141, 3, 41, 0, 0, '2024-05-08 09:52:25', '2024-05-08 09:52:25'),
(142, 3, 42, 0, 0, '2024-05-08 09:52:25', '2024-05-08 09:52:25'),
(143, 3, 43, 0, 0, '2024-05-08 09:52:25', '2024-05-08 09:52:25'),
(144, 3, 44, 0, 0, '2024-05-08 09:52:25', '2024-05-08 09:52:25'),
(145, 3, 45, 0, 0, '2024-05-08 09:52:25', '2024-05-08 09:52:25'),
(146, 3, 46, 0, 0, '2024-05-08 09:52:25', '2024-05-08 09:52:25'),
(147, 3, 47, 0, 0, '2024-05-08 09:52:25', '2024-05-08 09:52:25'),
(148, 3, 48, 0, 0, '2024-05-08 09:52:25', '2024-05-08 09:52:25'),
(149, 3, 49, 0, 0, '2024-05-08 09:52:25', '2024-05-08 09:52:25'),
(150, 3, 50, 0, 0, '2024-05-08 09:52:25', '2024-05-08 09:52:25'),
(151, 4, 1, 0, 0, '2024-05-08 09:52:44', '2024-05-08 09:52:44'),
(152, 4, 2, 0, 0, '2024-05-08 09:52:44', '2024-05-08 09:52:44'),
(153, 4, 3, 0, 0, '2024-05-08 09:52:44', '2024-05-08 09:52:44'),
(154, 4, 4, 0, 0, '2024-05-08 09:52:44', '2024-05-08 09:52:44'),
(155, 4, 5, 0, 0, '2024-05-08 09:52:44', '2024-05-08 09:52:44'),
(156, 4, 6, 0, 0, '2024-05-08 09:52:44', '2024-05-08 09:52:44'),
(157, 4, 7, 0, 0, '2024-05-08 09:52:44', '2024-05-08 09:52:44'),
(158, 4, 8, 0, 0, '2024-05-08 09:52:44', '2024-05-08 09:52:44'),
(159, 4, 9, 0, 0, '2024-05-08 09:52:44', '2024-05-08 09:52:44'),
(160, 4, 10, 0, 0, '2024-05-08 09:52:44', '2024-05-08 09:52:44'),
(161, 4, 11, 0, 0, '2024-05-08 09:52:44', '2024-05-08 09:52:44'),
(162, 4, 12, 0, 0, '2024-05-08 09:52:44', '2024-05-08 09:52:44'),
(163, 4, 13, 0, 0, '2024-05-08 09:52:44', '2024-05-08 09:52:44'),
(164, 4, 14, 0, 0, '2024-05-08 09:52:44', '2024-05-08 09:52:44'),
(165, 4, 15, 0, 0, '2024-05-08 09:52:44', '2024-05-08 09:52:44'),
(166, 4, 16, 0, 0, '2024-05-08 09:52:44', '2024-05-08 09:52:44'),
(167, 4, 17, 0, 0, '2024-05-08 09:52:44', '2024-05-08 09:52:44'),
(168, 4, 18, 0, 0, '2024-05-08 09:52:44', '2024-05-08 09:52:44'),
(169, 4, 19, 0, 0, '2024-05-08 09:52:44', '2024-05-08 09:52:44'),
(170, 4, 20, 0, 0, '2024-05-08 09:52:44', '2024-05-08 09:52:44'),
(171, 4, 21, 0, 0, '2024-05-08 09:52:44', '2024-05-08 09:52:44'),
(172, 4, 22, 0, 0, '2024-05-08 09:52:44', '2024-05-08 09:52:44'),
(173, 4, 23, 0, 0, '2024-05-08 09:52:44', '2024-05-08 09:52:44'),
(174, 4, 24, 0, 0, '2024-05-08 09:52:44', '2024-05-08 09:52:44'),
(175, 4, 25, 0, 0, '2024-05-08 09:52:44', '2024-05-08 09:52:44'),
(176, 4, 26, 0, 0, '2024-05-08 09:52:44', '2024-05-08 09:52:44'),
(177, 4, 27, 0, 0, '2024-05-08 09:52:44', '2024-05-08 09:52:44'),
(178, 4, 28, 0, 0, '2024-05-08 09:52:44', '2024-05-08 09:52:44'),
(179, 4, 29, 0, 0, '2024-05-08 09:52:44', '2024-05-08 09:52:44'),
(180, 4, 30, 0, 0, '2024-05-08 09:52:44', '2024-05-08 09:52:44'),
(181, 4, 31, 0, 0, '2024-05-08 09:52:44', '2024-05-08 09:52:44'),
(182, 4, 32, 0, 0, '2024-05-08 09:52:44', '2024-05-08 09:52:44'),
(183, 4, 33, 0, 0, '2024-05-08 09:52:44', '2024-05-08 09:52:44'),
(184, 4, 34, 0, 0, '2024-05-08 09:52:44', '2024-05-08 09:52:44'),
(185, 4, 35, 0, 0, '2024-05-08 09:52:44', '2024-05-08 09:52:44'),
(186, 4, 36, 0, 0, '2024-05-08 09:52:44', '2024-05-08 09:52:44'),
(187, 4, 37, 0, 0, '2024-05-08 09:52:44', '2024-05-08 09:52:44'),
(188, 4, 38, 0, 0, '2024-05-08 09:52:44', '2024-05-08 09:52:44'),
(189, 4, 39, 0, 0, '2024-05-08 09:52:44', '2024-05-08 09:52:44'),
(190, 4, 40, 0, 0, '2024-05-08 09:52:44', '2024-05-08 09:52:44'),
(191, 4, 41, 0, 0, '2024-05-08 09:52:44', '2024-05-08 09:52:44'),
(192, 4, 42, 0, 0, '2024-05-08 09:52:44', '2024-05-08 09:52:44'),
(193, 4, 43, 0, 0, '2024-05-08 09:52:44', '2024-05-08 09:52:44'),
(194, 4, 44, 0, 0, '2024-05-08 09:52:44', '2024-05-08 09:52:44'),
(195, 4, 45, 0, 0, '2024-05-08 09:52:44', '2024-05-08 09:52:44'),
(196, 4, 46, 0, 0, '2024-05-08 09:52:44', '2024-05-08 09:52:44'),
(197, 4, 47, 0, 0, '2024-05-08 09:52:44', '2024-05-08 09:52:44'),
(198, 4, 48, 0, 0, '2024-05-08 09:52:44', '2024-05-08 09:52:44'),
(199, 4, 49, 1, 1, '2024-05-12 12:08:16', '2024-05-08 09:52:44'),
(200, 4, 50, 1, 1, '2024-05-12 12:08:16', '2024-05-08 09:52:44'),
(201, 5, 1, 0, 0, '2024-05-08 09:53:01', '2024-05-08 09:53:01'),
(202, 5, 2, 0, 0, '2024-05-08 09:53:01', '2024-05-08 09:53:01'),
(203, 5, 3, 1, 1, '2024-05-12 11:56:39', '2024-05-08 09:53:01'),
(204, 5, 4, 0, 0, '2024-05-08 09:53:01', '2024-05-08 09:53:01'),
(205, 5, 5, 0, 0, '2024-05-08 09:53:01', '2024-05-08 09:53:01'),
(206, 5, 6, 0, 0, '2024-05-08 09:53:01', '2024-05-08 09:53:01'),
(207, 5, 7, 0, 0, '2024-05-08 09:53:01', '2024-05-08 09:53:01'),
(208, 5, 8, 0, 0, '2024-05-08 09:53:01', '2024-05-08 09:53:01'),
(209, 5, 9, 0, 0, '2024-05-08 09:53:01', '2024-05-08 09:53:01'),
(210, 5, 10, 0, 0, '2024-05-08 09:53:01', '2024-05-08 09:53:01'),
(211, 5, 11, 0, 0, '2024-05-08 09:53:01', '2024-05-08 09:53:01'),
(212, 5, 12, 0, 0, '2024-05-08 09:53:01', '2024-05-08 09:53:01'),
(213, 5, 13, 0, 0, '2024-05-08 09:53:01', '2024-05-08 09:53:01'),
(214, 5, 14, 0, 0, '2024-05-08 09:53:01', '2024-05-08 09:53:01'),
(215, 5, 15, 1, 1, '2024-05-12 11:56:39', '2024-05-08 09:53:01'),
(216, 5, 16, 0, 0, '2024-05-08 09:53:01', '2024-05-08 09:53:01'),
(217, 5, 17, 0, 0, '2024-05-08 09:53:01', '2024-05-08 09:53:01'),
(218, 5, 18, 0, 0, '2024-05-08 09:53:01', '2024-05-08 09:53:01'),
(219, 5, 19, 1, 1, '2024-05-12 11:56:39', '2024-05-08 09:53:01'),
(220, 5, 20, 0, 0, '2024-05-08 09:53:01', '2024-05-08 09:53:01'),
(221, 5, 21, 0, 0, '2024-05-08 09:53:01', '2024-05-08 09:53:01'),
(222, 5, 22, 1, 1, '2024-05-12 11:56:39', '2024-05-08 09:53:01'),
(223, 5, 23, 0, 0, '2024-05-08 09:53:01', '2024-05-08 09:53:01'),
(224, 5, 24, 0, 0, '2024-05-08 09:53:01', '2024-05-08 09:53:01'),
(225, 5, 25, 0, 0, '2024-05-08 09:53:01', '2024-05-08 09:53:01'),
(226, 5, 26, 0, 0, '2024-05-08 09:53:01', '2024-05-08 09:53:01'),
(227, 5, 27, 1, 1, '2024-05-12 11:56:39', '2024-05-08 09:53:01'),
(228, 5, 28, 0, 0, '2024-05-08 09:53:01', '2024-05-08 09:53:01'),
(229, 5, 29, 0, 0, '2024-05-08 09:53:01', '2024-05-08 09:53:01'),
(230, 5, 30, 0, 0, '2024-05-08 09:53:01', '2024-05-08 09:53:01'),
(231, 5, 31, 0, 0, '2024-05-08 09:53:01', '2024-05-08 09:53:01'),
(232, 5, 32, 0, 0, '2024-05-08 09:53:01', '2024-05-08 09:53:01'),
(233, 5, 33, 0, 0, '2024-05-08 09:53:01', '2024-05-08 09:53:01'),
(234, 5, 34, 0, 0, '2024-05-08 09:53:01', '2024-05-08 09:53:01'),
(235, 5, 35, 1, 1, '2024-05-12 11:56:39', '2024-05-08 09:53:01'),
(236, 5, 36, 0, 0, '2024-05-08 09:53:01', '2024-05-08 09:53:01'),
(237, 5, 37, 0, 0, '2024-05-08 09:53:01', '2024-05-08 09:53:01'),
(238, 5, 38, 0, 0, '2024-05-08 09:53:01', '2024-05-08 09:53:01'),
(239, 5, 39, 1, 1, '2024-05-12 11:56:39', '2024-05-08 09:53:01'),
(240, 5, 40, 0, 0, '2024-05-08 09:53:01', '2024-05-08 09:53:01'),
(241, 5, 41, 0, 0, '2024-05-08 09:53:01', '2024-05-08 09:53:01'),
(242, 5, 42, 0, 0, '2024-05-08 09:53:01', '2024-05-08 09:53:01'),
(243, 5, 43, 1, 1, '2024-05-12 11:56:39', '2024-05-08 09:53:01'),
(244, 5, 44, 0, 0, '2024-05-08 09:53:01', '2024-05-08 09:53:01'),
(245, 5, 45, 0, 0, '2024-05-08 09:53:01', '2024-05-08 09:53:01'),
(246, 5, 46, 0, 0, '2024-05-08 09:53:01', '2024-05-08 09:53:01'),
(247, 5, 47, 0, 0, '2024-05-08 09:53:01', '2024-05-08 09:53:01'),
(248, 5, 48, 0, 0, '2024-05-08 09:53:01', '2024-05-08 09:53:01'),
(249, 5, 49, 0, 0, '2024-05-08 09:53:01', '2024-05-08 09:53:01'),
(250, 5, 50, 0, 0, '2024-05-08 09:53:01', '2024-05-08 09:53:01'),
(251, 6, 1, 0, 0, '2024-05-08 09:54:02', '2024-05-08 09:54:02'),
(252, 6, 2, 0, 0, '2024-05-08 09:54:02', '2024-05-08 09:54:02'),
(253, 6, 3, 0, 0, '2024-05-08 09:54:02', '2024-05-08 09:54:02'),
(254, 6, 4, 0, 0, '2024-05-08 09:54:02', '2024-05-08 09:54:02'),
(255, 6, 5, 0, 0, '2024-05-08 09:54:02', '2024-05-08 09:54:02'),
(256, 6, 6, 0, 0, '2024-05-08 09:54:02', '2024-05-08 09:54:02'),
(257, 6, 7, 0, 0, '2024-05-08 09:54:03', '2024-05-08 09:54:03'),
(258, 6, 8, 0, 0, '2024-05-08 09:54:03', '2024-05-08 09:54:03'),
(259, 6, 9, 0, 0, '2024-05-08 09:54:03', '2024-05-08 09:54:03'),
(260, 6, 10, 0, 0, '2024-05-08 09:54:03', '2024-05-08 09:54:03'),
(261, 6, 11, 0, 0, '2024-05-08 09:54:03', '2024-05-08 09:54:03'),
(262, 6, 12, 0, 0, '2024-05-08 09:54:03', '2024-05-08 09:54:03'),
(263, 6, 13, 0, 0, '2024-05-08 09:54:03', '2024-05-08 09:54:03'),
(264, 6, 14, 0, 0, '2024-05-08 09:54:03', '2024-05-08 09:54:03'),
(265, 6, 15, 0, 0, '2024-05-08 09:54:03', '2024-05-08 09:54:03'),
(266, 6, 16, 0, 0, '2024-05-08 09:54:03', '2024-05-08 09:54:03'),
(267, 6, 17, 0, 0, '2024-05-08 09:54:03', '2024-05-08 09:54:03'),
(268, 6, 18, 0, 0, '2024-05-08 09:54:03', '2024-05-08 09:54:03'),
(269, 6, 19, 0, 0, '2024-05-08 09:54:03', '2024-05-08 09:54:03'),
(270, 6, 20, 0, 0, '2024-05-08 09:54:03', '2024-05-08 09:54:03'),
(271, 6, 21, 0, 0, '2024-05-08 09:54:03', '2024-05-08 09:54:03'),
(272, 6, 22, 0, 0, '2024-05-08 09:54:03', '2024-05-08 09:54:03'),
(273, 6, 23, 0, 0, '2024-05-08 09:54:03', '2024-05-08 09:54:03'),
(274, 6, 24, 0, 0, '2024-05-08 09:54:03', '2024-05-08 09:54:03'),
(275, 6, 25, 0, 0, '2024-05-08 09:54:03', '2024-05-08 09:54:03'),
(276, 6, 26, 0, 0, '2024-05-08 09:54:03', '2024-05-08 09:54:03'),
(277, 6, 27, 0, 0, '2024-05-08 09:54:03', '2024-05-08 09:54:03'),
(278, 6, 28, 0, 0, '2024-05-08 09:54:03', '2024-05-08 09:54:03'),
(279, 6, 29, 0, 0, '2024-05-08 09:54:03', '2024-05-08 09:54:03'),
(280, 6, 30, 0, 0, '2024-05-08 09:54:03', '2024-05-08 09:54:03'),
(281, 6, 31, 0, 0, '2024-05-08 09:54:03', '2024-05-08 09:54:03'),
(282, 6, 32, 0, 0, '2024-05-08 09:54:03', '2024-05-08 09:54:03'),
(283, 6, 33, 0, 0, '2024-05-08 09:54:03', '2024-05-08 09:54:03'),
(284, 6, 34, 0, 0, '2024-05-08 09:54:03', '2024-05-08 09:54:03'),
(285, 6, 35, 0, 0, '2024-05-08 09:54:03', '2024-05-08 09:54:03'),
(286, 6, 36, 0, 0, '2024-05-08 09:54:03', '2024-05-08 09:54:03'),
(287, 6, 37, 0, 0, '2024-05-08 09:54:03', '2024-05-08 09:54:03'),
(288, 6, 38, 0, 0, '2024-05-08 09:54:03', '2024-05-08 09:54:03'),
(289, 6, 39, 0, 0, '2024-05-08 09:54:03', '2024-05-08 09:54:03'),
(290, 6, 40, 0, 0, '2024-05-08 09:54:03', '2024-05-08 09:54:03'),
(291, 6, 41, 0, 0, '2024-05-08 09:54:03', '2024-05-08 09:54:03'),
(292, 6, 42, 0, 0, '2024-05-08 09:54:03', '2024-05-08 09:54:03'),
(293, 6, 43, 0, 0, '2024-05-08 09:54:03', '2024-05-08 09:54:03'),
(294, 6, 44, 0, 0, '2024-05-08 09:54:03', '2024-05-08 09:54:03'),
(295, 6, 45, 0, 0, '2024-05-08 09:54:03', '2024-05-08 09:54:03'),
(296, 6, 46, 0, 0, '2024-05-08 09:54:03', '2024-05-08 09:54:03'),
(297, 6, 47, 0, 0, '2024-05-08 09:54:03', '2024-05-08 09:54:03'),
(298, 6, 48, 0, 0, '2024-05-08 09:54:03', '2024-05-08 09:54:03'),
(299, 6, 49, 0, 0, '2024-05-08 09:54:03', '2024-05-08 09:54:03'),
(300, 6, 50, 0, 0, '2024-05-08 09:54:03', '2024-05-08 09:54:03'),
(301, 7, 1, 0, 0, '2024-05-08 09:54:26', '2024-05-08 09:54:26'),
(302, 7, 2, 0, 0, '2024-05-08 09:54:26', '2024-05-08 09:54:26'),
(303, 7, 3, 0, 0, '2024-05-08 09:54:26', '2024-05-08 09:54:26'),
(304, 7, 4, 0, 0, '2024-05-08 09:54:26', '2024-05-08 09:54:26'),
(305, 7, 5, 0, 0, '2024-05-08 09:54:26', '2024-05-08 09:54:26'),
(306, 7, 6, 0, 0, '2024-05-08 09:54:26', '2024-05-08 09:54:26'),
(307, 7, 7, 0, 0, '2024-05-08 09:54:26', '2024-05-08 09:54:26'),
(308, 7, 8, 0, 0, '2024-05-08 09:54:26', '2024-05-08 09:54:26'),
(309, 7, 9, 0, 0, '2024-05-08 09:54:26', '2024-05-08 09:54:26'),
(310, 7, 10, 0, 0, '2024-05-08 09:54:26', '2024-05-08 09:54:26'),
(311, 7, 11, 0, 0, '2024-05-08 09:54:26', '2024-05-08 09:54:26'),
(312, 7, 12, 0, 0, '2024-05-08 09:54:26', '2024-05-08 09:54:26'),
(313, 7, 13, 0, 0, '2024-05-08 09:54:26', '2024-05-08 09:54:26'),
(314, 7, 14, 0, 0, '2024-05-08 09:54:26', '2024-05-08 09:54:26'),
(315, 7, 15, 0, 0, '2024-05-08 09:54:26', '2024-05-08 09:54:26'),
(316, 7, 16, 0, 0, '2024-05-08 09:54:26', '2024-05-08 09:54:26'),
(317, 7, 17, 0, 0, '2024-05-08 09:54:26', '2024-05-08 09:54:26'),
(318, 7, 18, 0, 0, '2024-05-08 09:54:26', '2024-05-08 09:54:26'),
(319, 7, 19, 0, 0, '2024-05-08 09:54:26', '2024-05-08 09:54:26'),
(320, 7, 20, 0, 0, '2024-05-08 09:54:26', '2024-05-08 09:54:26'),
(321, 7, 21, 0, 0, '2024-05-08 09:54:26', '2024-05-08 09:54:26'),
(322, 7, 22, 0, 0, '2024-05-08 09:54:26', '2024-05-08 09:54:26'),
(323, 7, 23, 0, 0, '2024-05-08 09:54:26', '2024-05-08 09:54:26'),
(324, 7, 24, 0, 0, '2024-05-08 09:54:26', '2024-05-08 09:54:26'),
(325, 7, 25, 0, 0, '2024-05-08 09:54:26', '2024-05-08 09:54:26'),
(326, 7, 26, 0, 0, '2024-05-08 09:54:26', '2024-05-08 09:54:26'),
(327, 7, 27, 0, 0, '2024-05-08 09:54:26', '2024-05-08 09:54:26'),
(328, 7, 28, 0, 0, '2024-05-08 09:54:26', '2024-05-08 09:54:26'),
(329, 7, 29, 0, 0, '2024-05-08 09:54:26', '2024-05-08 09:54:26'),
(330, 7, 30, 0, 0, '2024-05-08 09:54:26', '2024-05-08 09:54:26'),
(331, 7, 31, 0, 0, '2024-05-08 09:54:26', '2024-05-08 09:54:26'),
(332, 7, 32, 0, 0, '2024-05-08 09:54:26', '2024-05-08 09:54:26'),
(333, 7, 33, 0, 0, '2024-05-08 09:54:26', '2024-05-08 09:54:26'),
(334, 7, 34, 0, 0, '2024-05-08 09:54:26', '2024-05-08 09:54:26'),
(335, 7, 35, 0, 0, '2024-05-08 09:54:26', '2024-05-08 09:54:26'),
(336, 7, 36, 0, 0, '2024-05-08 09:54:26', '2024-05-08 09:54:26'),
(337, 7, 37, 0, 0, '2024-05-08 09:54:26', '2024-05-08 09:54:26'),
(338, 7, 38, 0, 0, '2024-05-08 09:54:26', '2024-05-08 09:54:26'),
(339, 7, 39, 0, 0, '2024-05-08 09:54:26', '2024-05-08 09:54:26'),
(340, 7, 40, 0, 0, '2024-05-08 09:54:26', '2024-05-08 09:54:26'),
(341, 7, 41, 0, 0, '2024-05-08 09:54:26', '2024-05-08 09:54:26'),
(342, 7, 42, 0, 0, '2024-05-08 09:54:26', '2024-05-08 09:54:26'),
(343, 7, 43, 0, 0, '2024-05-08 09:54:26', '2024-05-08 09:54:26'),
(344, 7, 44, 0, 0, '2024-05-08 09:54:26', '2024-05-08 09:54:26'),
(345, 7, 45, 0, 0, '2024-05-08 09:54:26', '2024-05-08 09:54:26'),
(346, 7, 46, 0, 0, '2024-05-08 09:54:26', '2024-05-08 09:54:26'),
(347, 7, 47, 0, 0, '2024-05-08 09:54:26', '2024-05-08 09:54:26'),
(348, 7, 48, 0, 0, '2024-05-08 09:54:26', '2024-05-08 09:54:26'),
(349, 7, 49, 0, 0, '2024-05-08 09:54:26', '2024-05-08 09:54:26'),
(350, 7, 50, 0, 0, '2024-05-08 09:54:26', '2024-05-08 09:54:26'),
(351, 8, 1, 0, 0, '2024-05-08 09:54:43', '2024-05-08 09:54:43'),
(352, 8, 2, 0, 0, '2024-05-08 09:54:43', '2024-05-08 09:54:43'),
(353, 8, 3, 0, 0, '2024-05-08 09:54:43', '2024-05-08 09:54:43'),
(354, 8, 4, 0, 0, '2024-05-08 09:54:43', '2024-05-08 09:54:43'),
(355, 8, 5, 0, 0, '2024-05-08 09:54:43', '2024-05-08 09:54:43'),
(356, 8, 6, 0, 0, '2024-05-08 09:54:43', '2024-05-08 09:54:43'),
(357, 8, 7, 0, 0, '2024-05-08 09:54:43', '2024-05-08 09:54:43'),
(358, 8, 8, 0, 0, '2024-05-08 09:54:43', '2024-05-08 09:54:43'),
(359, 8, 9, 0, 0, '2024-05-08 09:54:43', '2024-05-08 09:54:43'),
(360, 8, 10, 0, 0, '2024-05-08 09:54:43', '2024-05-08 09:54:43'),
(361, 8, 11, 0, 0, '2024-05-08 09:54:43', '2024-05-08 09:54:43'),
(362, 8, 12, 0, 0, '2024-05-08 09:54:43', '2024-05-08 09:54:43'),
(363, 8, 13, 0, 0, '2024-05-08 09:54:43', '2024-05-08 09:54:43'),
(364, 8, 14, 0, 0, '2024-05-08 09:54:43', '2024-05-08 09:54:43'),
(365, 8, 15, 0, 0, '2024-05-08 09:54:43', '2024-05-08 09:54:43'),
(366, 8, 16, 0, 0, '2024-05-08 09:54:43', '2024-05-08 09:54:43'),
(367, 8, 17, 0, 0, '2024-05-08 09:54:43', '2024-05-08 09:54:43'),
(368, 8, 18, 0, 0, '2024-05-08 09:54:43', '2024-05-08 09:54:43'),
(369, 8, 19, 0, 0, '2024-05-08 09:54:43', '2024-05-08 09:54:43'),
(370, 8, 20, 0, 0, '2024-05-08 09:54:43', '2024-05-08 09:54:43'),
(371, 8, 21, 0, 0, '2024-05-08 09:54:43', '2024-05-08 09:54:43'),
(372, 8, 22, 0, 0, '2024-05-08 09:54:43', '2024-05-08 09:54:43'),
(373, 8, 23, 0, 0, '2024-05-08 09:54:43', '2024-05-08 09:54:43'),
(374, 8, 24, 0, 0, '2024-05-08 09:54:43', '2024-05-08 09:54:43'),
(375, 8, 25, 0, 0, '2024-05-08 09:54:43', '2024-05-08 09:54:43'),
(376, 8, 26, 0, 0, '2024-05-08 09:54:43', '2024-05-08 09:54:43'),
(377, 8, 27, 0, 0, '2024-05-08 09:54:43', '2024-05-08 09:54:43'),
(378, 8, 28, 0, 0, '2024-05-08 09:54:43', '2024-05-08 09:54:43'),
(379, 8, 29, 0, 0, '2024-05-08 09:54:43', '2024-05-08 09:54:43'),
(380, 8, 30, 0, 0, '2024-05-08 09:54:43', '2024-05-08 09:54:43'),
(381, 8, 31, 0, 0, '2024-05-08 09:54:43', '2024-05-08 09:54:43'),
(382, 8, 32, 0, 0, '2024-05-08 09:54:43', '2024-05-08 09:54:43'),
(383, 8, 33, 0, 0, '2024-05-08 09:54:43', '2024-05-08 09:54:43'),
(384, 8, 34, 0, 0, '2024-05-08 09:54:43', '2024-05-08 09:54:43'),
(385, 8, 35, 0, 0, '2024-05-08 09:54:43', '2024-05-08 09:54:43'),
(386, 8, 36, 0, 0, '2024-05-08 09:54:43', '2024-05-08 09:54:43'),
(387, 8, 37, 0, 0, '2024-05-08 09:54:43', '2024-05-08 09:54:43'),
(388, 8, 38, 0, 0, '2024-05-08 09:54:43', '2024-05-08 09:54:43'),
(389, 8, 39, 0, 0, '2024-05-08 09:54:43', '2024-05-08 09:54:43'),
(390, 8, 40, 0, 0, '2024-05-08 09:54:43', '2024-05-08 09:54:43'),
(391, 8, 41, 0, 0, '2024-05-08 09:54:43', '2024-05-08 09:54:43'),
(392, 8, 42, 0, 0, '2024-05-08 09:54:43', '2024-05-08 09:54:43'),
(393, 8, 43, 0, 0, '2024-05-08 09:54:43', '2024-05-08 09:54:43'),
(394, 8, 44, 0, 0, '2024-05-08 09:54:43', '2024-05-08 09:54:43'),
(395, 8, 45, 0, 0, '2024-05-08 09:54:43', '2024-05-08 09:54:43'),
(396, 8, 46, 0, 0, '2024-05-08 09:54:43', '2024-05-08 09:54:43'),
(397, 8, 47, 0, 0, '2024-05-08 09:54:43', '2024-05-08 09:54:43'),
(398, 8, 48, 0, 0, '2024-05-08 09:54:43', '2024-05-08 09:54:43'),
(399, 8, 49, 0, 0, '2024-05-08 09:54:43', '2024-05-08 09:54:43'),
(400, 8, 50, 1, 0, '2024-05-08 09:54:43', '2024-05-08 09:54:43');

-- --------------------------------------------------------

--
-- Table structure for table `sessions`
--

CREATE TABLE `sessions` (
  `id` varchar(255) NOT NULL,
  `user_id` bigint(20) UNSIGNED DEFAULT NULL,
  `ip_address` varchar(45) DEFAULT NULL,
  `user_agent` text DEFAULT NULL,
  `payload` longtext NOT NULL,
  `last_activity` int(11) NOT NULL
) ENGINE=InnoDB DEFAULT CHARSET=utf8mb4 COLLATE=utf8mb4_unicode_ci;

-- --------------------------------------------------------

--
-- Table structure for table `temp_tickets`
--

CREATE TABLE `temp_tickets` (
  `user_id` int(11) NOT NULL,
  `seat_id` bigint(20) NOT NULL,
  `screening_id` int(11) NOT NULL,
  `updated_at` datetime NOT NULL DEFAULT current_timestamp(),
  `created_at` datetime NOT NULL DEFAULT current_timestamp()
) ENGINE=InnoDB DEFAULT CHARSET=utf8mb4 COLLATE=utf8mb4_general_ci;

-- --------------------------------------------------------

--
-- Table structure for table `users`
--

CREATE TABLE `users` (
  `id` bigint(20) UNSIGNED NOT NULL,
  `name` varchar(255) NOT NULL,
  `email` varchar(255) NOT NULL,
  `email_verified_at` timestamp NULL DEFAULT NULL,
  `password` varchar(255) NOT NULL,
  `remember_token` varchar(100) DEFAULT NULL,
  `created_at` timestamp NULL DEFAULT NULL,
  `updated_at` timestamp NULL DEFAULT NULL
) ENGINE=InnoDB DEFAULT CHARSET=utf8mb4 COLLATE=utf8mb4_unicode_ci;

--
-- Dumping data for table `users`
--

INSERT INTO `users` (`id`, `name`, `email`, `email_verified_at`, `password`, `remember_token`, `created_at`, `updated_at`) VALUES
(1, 'Rahul', 'rahul@gamil.com', NULL, '$2y$12$oN8pQv/Fn9vxpbKn0lxOXeSTTQ.puh8y0PIa5mlgwE.X20Pm7jm5O', NULL, '2024-05-09 09:56:11', '2024-05-09 09:56:11');

--
-- Indexes for dumped tables
--

--
-- Indexes for table `banners`
--
ALTER TABLE `banners`
  ADD PRIMARY KEY (`banner_id`);

--
-- Indexes for table `cache`
--
ALTER TABLE `cache`
  ADD PRIMARY KEY (`key`);

--
-- Indexes for table `cache_locks`
--
ALTER TABLE `cache_locks`
  ADD PRIMARY KEY (`key`);

--
-- Indexes for table `failed_jobs`
--
ALTER TABLE `failed_jobs`
  ADD PRIMARY KEY (`id`),
  ADD UNIQUE KEY `failed_jobs_uuid_unique` (`uuid`);

--
-- Indexes for table `jobs`
--
ALTER TABLE `jobs`
  ADD PRIMARY KEY (`id`),
  ADD KEY `jobs_queue_index` (`queue`);

--
-- Indexes for table `job_batches`
--
ALTER TABLE `job_batches`
  ADD PRIMARY KEY (`id`);

--
-- Indexes for table `migrations`
--
ALTER TABLE `migrations`
  ADD PRIMARY KEY (`id`);

--
-- Indexes for table `movies`
--
ALTER TABLE `movies`
  ADD PRIMARY KEY (`movie_id`);

--
-- Indexes for table `password_reset_tokens`
--
ALTER TABLE `password_reset_tokens`
  ADD PRIMARY KEY (`email`);

--
-- Indexes for table `screenings`
--
ALTER TABLE `screenings`
  ADD PRIMARY KEY (`screening_id`);

--
-- Indexes for table `seats`
--
ALTER TABLE `seats`
  ADD PRIMARY KEY (`seat_id`);

--
-- Indexes for table `sessions`
--
ALTER TABLE `sessions`
  ADD PRIMARY KEY (`id`),
  ADD KEY `sessions_user_id_index` (`user_id`),
  ADD KEY `sessions_last_activity_index` (`last_activity`);

--
-- Indexes for table `users`
--
ALTER TABLE `users`
  ADD PRIMARY KEY (`id`),
  ADD UNIQUE KEY `users_email_unique` (`email`);

--
-- AUTO_INCREMENT for dumped tables
--

--
-- AUTO_INCREMENT for table `banners`
--
ALTER TABLE `banners`
  MODIFY `banner_id` int(11) NOT NULL AUTO_INCREMENT, AUTO_INCREMENT=5;

--
-- AUTO_INCREMENT for table `failed_jobs`
--
ALTER TABLE `failed_jobs`
  MODIFY `id` bigint(20) UNSIGNED NOT NULL AUTO_INCREMENT;

--
-- AUTO_INCREMENT for table `jobs`
--
ALTER TABLE `jobs`
  MODIFY `id` bigint(20) UNSIGNED NOT NULL AUTO_INCREMENT;

--
-- AUTO_INCREMENT for table `migrations`
--
ALTER TABLE `migrations`
  MODIFY `id` int(10) UNSIGNED NOT NULL AUTO_INCREMENT, AUTO_INCREMENT=4;

--
-- AUTO_INCREMENT for table `movies`
--
ALTER TABLE `movies`
  MODIFY `movie_id` int(11) NOT NULL AUTO_INCREMENT, AUTO_INCREMENT=5;

--
-- AUTO_INCREMENT for table `screenings`
--
ALTER TABLE `screenings`
  MODIFY `screening_id` int(11) NOT NULL AUTO_INCREMENT, AUTO_INCREMENT=9;

--
-- AUTO_INCREMENT for table `seats`
--
ALTER TABLE `seats`
  MODIFY `seat_id` bigint(20) NOT NULL AUTO_INCREMENT, AUTO_INCREMENT=401;

--
-- AUTO_INCREMENT for table `users`
--
ALTER TABLE `users`
  MODIFY `id` bigint(20) UNSIGNED NOT NULL AUTO_INCREMENT, AUTO_INCREMENT=2;
COMMIT;

/*!40101 SET CHARACTER_SET_CLIENT=@OLD_CHARACTER_SET_CLIENT */;
/*!40101 SET CHARACTER_SET_RESULTS=@OLD_CHARACTER_SET_RESULTS */;
/*!40101 SET COLLATION_CONNECTION=@OLD_COLLATION_CONNECTION */;
